{
  "logistic_regression": {
    "name": "Logistic Regression",
    "accuracy": 0.88,
    "precision": 0.7846153846153846,
    "recall": 0.8360655737704918,
    "f1": 0.8095238095238095,
    "confusion_matrix": [
      [
        125,
        14
      ],
      [
        10,
        51
      ]
    ],
    "classification_report": {
      "0": {
        "precision": 0.9259259259259259,
        "recall": 0.8992805755395683,
        "f1-score": 0.9124087591240876,
        "support": 139.0
      },
      "1": {
        "precision": 0.7846153846153846,
        "recall": 0.8360655737704918,
        "f1-score": 0.8095238095238095,
        "support": 61.0
      },
      "accuracy": 0.88,
      "macro avg": {
        "precision": 0.8552706552706553,
        "recall": 0.8676730746550301,
        "f1-score": 0.8609662843239485,
        "support": 200.0
      },
      "weighted avg": {
        "precision": 0.8828262108262108,
        "recall": 0.88,
        "f1-score": 0.8810288494960028,
        "support": 200.0
      }
    },
    "roc_curve": {
      "fpr": [
        0.0,
        0.0,
        0.0,
        0.0072,
        0.0072,
        0.0144,
        0.0144,
        0.0216,
        0.0216,
        0.036,
        0.036,
        0.0504,
        0.0504,
        0.0719,
        0.0719,
        0.0791,
        0.0791,
        0.1079,
        0.1079,
        0.1367,
        0.1367,
        0.1655,
        0.1655,
        0.2014,
        0.2014,
        0.2158,
        0.2158,
        0.223,
        0.223,
        0.3885,
        0.3885,
        0.4388,
        0.4388,
        0.554,
        0.554,
        1.0
      ],
      "tpr": [
        0.0,
        0.0164,
        0.1148,
        0.1148,
        0.1967,
        0.1967,
        0.3607,
        0.3607,
        0.623,
        0.623,
        0.6885,
        0.6885,
        0.7213,
        0.7213,
        0.7541,
        0.7541,
        0.8361,
        0.8361,
        0.8525,
        0.8525,
        0.8689,
        0.8689,
        0.8852,
        0.8852,
        0.9016,
        0.9016,
        0.918,
        0.918,
        0.9344,
        0.9344,
        0.9672,
        0.9672,
        0.9836,
        0.9836,
        1.0,
        1.0
      ],
      "auc": 0.9323
    },
    "pr_curve": {
      "precision": [
        0.305,
        0.3065,
        0.3081,
        0.3096,
        0.3112,
        0.3128,
        0.3144,
        0.3161,
        0.3177,
        0.3194,
        0.3211,
        0.3228,
        0.3245,
        0.3262,
        0.328,
        0.3297,
        0.3315,
        0.3333,
        0.3352,
        0.337,
        0.3389,
        0.3408,
        0.3427,
        0.3446,
        0.3466,
        0.3486,
        0.3506,
        0.3526,
        0.3547,
        0.3567,
        0.3588,
        0.3609,
        0.3631,
        0.3653,
        0.3675,
        0.3697,
        0.372,
        0.3742,
        0.3765,
        0.3789,
        0.3812,
        0.3836,
        0.3861,
        0.3885,
        0.391,
        0.3935,
        0.3961,
        0.3987,
        0.4013,
        0.404,
        0.4067,
        0.4094,
        0.4122,
        0.415,
        0.4178,
        0.4207,
        0.4236,
        0.4266,
        0.4296,
        0.4326,
        0.4357,
        0.4388,
        0.442,
        0.438,
        0.4412,
        0.4444,
        0.4478,
        0.4511,
        0.4545,
        0.458,
        0.4615,
        0.4651,
        0.4688,
        0.4724,
        0.4762,
        0.48,
        0.4839,
        0.4878,
        0.4918,
        0.4959,
        0.4917,
        0.4958,
        0.5,
        0.5043,
        0.5086,
        0.513,
        0.5175,
        0.5221,
        0.5179,
        0.5135,
        0.5182,
        0.5229,
        0.5278,
        0.5327,
        0.5377,
        0.5429,
        0.5481,
        0.5534,
        0.5588,
        0.5644,
        0.57,
        0.5758,
        0.5816,
        0.5876,
        0.5938,
        0.6,
        0.6064,
        0.6129,
        0.6196,
        0.6264,
        0.6333,
        0.6404,
        0.6477,
        0.6437,
        0.6512,
        0.6471,
        0.6548,
        0.6627,
        0.6585,
        0.6667,
        0.675,
        0.6835,
        0.6923,
        0.7013,
        0.6974,
        0.7067,
        0.7162,
        0.726,
        0.7361,
        0.7324,
        0.7429,
        0.7536,
        0.7647,
        0.7761,
        0.7727,
        0.7846,
        0.7969,
        0.8095,
        0.8226,
        0.8197,
        0.8167,
        0.8136,
        0.8103,
        0.807,
        0.8214,
        0.8182,
        0.8148,
        0.8302,
        0.8462,
        0.8627,
        0.86,
        0.8571,
        0.875,
        0.8936,
        0.8913,
        0.8889,
        0.8864,
        0.8837,
        0.9048,
        0.9268,
        0.925,
        0.9231,
        0.9211,
        0.9189,
        0.9167,
        0.9143,
        0.9118,
        0.9091,
        0.9062,
        0.9032,
        0.9,
        0.8966,
        0.8929,
        0.8889,
        0.8846,
        0.88,
        0.9167,
        0.913,
        0.9091,
        0.9048,
        0.9,
        0.8947,
        0.8889,
        0.8824,
        0.875,
        0.8667,
        0.8571,
        0.9231,
        0.9167,
        0.9091,
        0.9,
        0.8889,
        0.875,
        1.0,
        1.0,
        1.0,
        1.0,
        1.0,
        1.0,
        1.0,
        1.0
      ],